"region","avg_age_living","avg_age_hometown","hometown_freq","living_freq","total_action_living"
1,22.5497481108312,22.8839230291744,1611,1588,332804
2,22.9751773049645,22.6172765446911,1667,1692,360731
3,22.7056672760512,22.6282660332542,1684,1641,364734
4,22.4306734578381,22.6954802259887,1770,1767,412920
5,22.7791893526921,22.4298245614035,1596,1653,359111
6,22.6461723930078,22.8217703349282,1672,1659,335463
